{
  "accuracy": 0.9302222222222222,
  "macro_f1": 0.9300264899009357,
  "classification_report": {
    "left": {
      "precision": 0.9377672209026128,
      "recall": 0.9151599443671766,
      "f1-score": 0.9263256687001408,
      "support": 2157.0
    },
    "right": {
      "precision": 0.9235908141962421,
      "recall": 0.9440887750746906,
      "f1-score": 0.9337273111017307,
      "support": 2343.0
    },
    "accuracy": 0.9302222222222222,
    "macro avg": {
      "precision": 0.9306790175494275,
      "recall": 0.9296243597209336,
      "f1-score": 0.9300264899009357,
      "support": 4500.0
    },
    "weighted avg": {
      "precision": 0.9303860384774958,
      "recall": 0.9302222222222222,
      "f1-score": 0.9301794571772353,
      "support": 4500.0
    }
  },
  "family": "sklearn",
  "model_id": "tfidf_svm_quick",
  "n_eval_docs": 4500,
  "n_features": 6702
}