{
  "accuracy": 0.9271111111111111,
  "macro_f1": 0.9270972721932993,
  "classification_report": {
    "left": {
      "precision": 0.9009206488382289,
      "recall": 0.952712100139082,
      "f1-score": 0.9260928346101848,
      "support": 2157.0
    },
    "right": {
      "precision": 0.9540333483551149,
      "recall": 0.9035424669227486,
      "f1-score": 0.9281017097764138,
      "support": 2343.0
    },
    "accuracy": 0.9271111111111111,
    "macro avg": {
      "precision": 0.9274769985966719,
      "recall": 0.9281272835309153,
      "f1-score": 0.9270972721932993,
      "support": 4500.0
    },
    "weighted avg": {
      "precision": 0.9285746610533542,
      "recall": 0.9271111111111111,
      "f1-score": 0.9271387889467346,
      "support": 4500.0
    }
  },
  "family": "spacy",
  "model_id": "spacy_bow_quick",
  "n_eval_docs": 4500
}