{
  "accuracy": 0.9175555555555556,
  "macro_f1": 0.9173184084187342,
  "classification_report": {
    "left": {
      "precision": 0.9248334919124643,
      "recall": 0.9012517385257302,
      "f1-score": 0.912890349847382,
      "support": 2157.0
    },
    "right": {
      "precision": 0.9111759799833195,
      "recall": 0.9325650874946649,
      "f1-score": 0.9217464669900864,
      "support": 2343.0
    },
    "accuracy": 0.9175555555555556,
    "macro avg": {
      "precision": 0.9180047359478919,
      "recall": 0.9169084130101975,
      "f1-score": 0.9173184084187342,
      "support": 4500.0
    },
    "weighted avg": {
      "precision": 0.9177224807013562,
      "recall": 0.9175555555555556,
      "f1-score": 0.9175014348396835,
      "support": 4500.0
    }
  },
  "family": "spacy",
  "model_id": "spacy_cnn_quick",
  "n_eval_docs": 4500
}